,0,1,2,3,4,5
0,tt0926132,action,Road to Red,movie,2020,1
1,tt10011184,action,Like.Share.Repost.,short,2020,4
2,tt10022990,action,Seeru,movie,2020,2
3,tt10054454,action,War Gene,short,2020,X
4,tt10082520,action,Range of Sniper,movie,2020,6
5,tt10096204,action,Evade short film,short,2020,8
6,tt10097484,action,Guai wu xian sheng,movie,2020,8
7,tt10101588,action,Vanity Project,short,2020,5
8,tt10127684,action,Bronx,movie,2020,10
9,tt10130926,action,Gambler,short,2020,5
10,tt10148118,action,Behind the Line: Escape to Dunkirk,movie,2020,8
11,tt10149080,action,La Liga de los 5,movie,2020,1
12,tt10152746,action,Justice League: Invasion,movie,2020,9
13,tt10156658,action,Satan's Seven,short,2020,1
14,tt10200522,action,Once Upon a Time in Indonesia,movie,2020,11
15,tt10230422,action,Class of 83,movie,2020,8
16,tt10275080,action,Agent Jade Black,movie,2020,1
17,tt10300704,action,Walter,movie,2020,3
18,tt10303324,action,Survive the Night,movie,2020,5
19,tt10307440,action,Jusqu'au déclin,movie,2020,3
20,tt10308910,action,Ricky Rodrigo,short,X,
21,tt10310140,action,Fatman,movie,2020,11
22,tt10314450,action,Becky,movie,2020,6
23,tt10324274,action,Leo,movie,2020,12
24,tt10324122,action,Secret Society of Second-Born Royals,movie,2020,9
25,tt10346388,action,Pit viper,short,2020,1
26,tt10350626,action,Gunjan Saxena: The Kargil Girl,movie,2020,8
27,tt10367202,action,A King's Life,short,2020,3
28,tt10374742,action,One Way Out,movie,X,
29,tt10387682,action,The Rage,short,2020,7
30,tt10398376,action,Gunfight at Silver Creek,movie,2020,3
31,tt10404944,action,BAC Nord,movie,2021,9
32,tt10417488,action,Downward Facing Dogs,short,2020,1
33,tt10432094,action,Pawns,short,2020,2
34,tt10436902,action,The Death Rally,short,2020,6
35,tt10452082,action,Leafer,short,2020,7
36,tt10456740,action,Balle perdue,movie,2020,6
37,tt10463692,action,Catch of the Day 2: You Die at Dawn!,movie,2020,6
38,tt10467642,action,Last 24 hours,short,2020,12
39,tt10487352,action,"Greetings, From The Planet Krog!",short,2020,1
40,tt10508838,action,Zheng tu,movie,2020,7
41,tt10520114,action,Lil' Balzac 2,short,2020,X
42,tt10533822,action,El Borracho: El vino viejo es el más peleón,short,2020,1
43,tt10538822,action,Agnee 3,movie,2020,2
44,tt10540386,action,Bou - The Wife,movie,2020,12
45,tt10551180,action,Virtue,short,2020,9
46,tt10558706,action,Commandos: The Mission,movie,2020,4
47,tt10589360,action,Nowhere to Hide,movie,2020,2
48,tt10590530,action,Psy 3: W imie zasad,movie,2020,1
49,tt10597554,action,Robotboy the movie,movie,2020,3
50,tt10600398,action,We Can Be Heroes,movie,2020,12
51,tt10607806,action,Ashen,movie,2020,12
52,tt10620868,action,#Saraitda,movie,2020,9
53,tt10626796,action,Roll Initiative,short,2020,10
54,tt10643474,action,Dinner With Grandma,short,2020,3
55,tt10648192,action,A Divisão,movie,2020,1
56,tt10663470,action,Detective MJ: Shadow of a Hero,movie,2020,12
57,tt10681516,action,Devastation: End of Life,movie,2022,12
58,tt10682062,action,Palasa 1978,movie,2020,3
59,tt10697462,action,The Store Front,movie,2020,3
60,tt10708124,action,Danger Zone: Against all Odds,movie,2020,6
61,tt10725448,action,Duncan,movie,2021,11
62,tt10731100,action,Hayalet: 3 Yasam,movie,2020,X
63,tt10750020,action,Pattas,movie,2020,1
64,tt10758146,action,Wyzwanie,movie,2020,7
65,tt10766442,action,Taipei Jesus,short,2020,9
66,tt10772334,action,Headcheese: The Movie,movie,2020,4
67,tt10778364,action,The Spider-Man (Fan Film),movie,2020,1
68,tt10804094,action,Eighth Wonder,short,2020,X
69,tt10810522,action,Ethalaya,movie,2020,3
70,tt10826534,action,Nemesis,short,2020,3
71,tt10840884,action,Taish,movie,2020,10
72,tt10850450,action,Cabal,movie,2020,3
73,tt10857420,action,Don't F**k with the Musketeers,short,2020,8
74,tt10874822,action,Danime,short,2020,6
75,tt10888708,action,The Sleepover,movie,2020,8
76,tt10908210,action,Mnemonix: The Hive,short,2020,12
77,tt10908892,action,Mugabe,movie,2020,6
78,tt10923534,action,Mendilim Kekik Kokuyor,movie,2020,3
79,tt10926356,action,The Coming,movie,2020,9
80,tt10930816,action,"Nuri, the beginning",short,2020,9
81,tt10934774,action,Swarm,short,2020,2
82,tt10936240,action,Naruto Evolution Episode One: Bonds,movie,2020,1
83,tt10948718,action,El robo del siglo,movie,2020,1
84,tt10955374,action,Small Gains,short,2020,X
85,tt10968008,action,Taanashah,movie,2020,2
86,tt10972026,action,Tiger Man,short,2020,2
87,tt0293429,action,Mortal Kombat,movie,2021,5
88,tt0818543,action,Z,movie,2021,X
89,tt0993840,action,Army of the Dead,movie,2021,5
90,tt10011002,action,Preman,movie,2021,4
91,tt10044610,action,Badlander,movie,2021,X
92,tt10055546,action,Supercool,movie,2022,2
93,tt10075650,action,Indiana Jones and the Sanctuary of the Black Order,movie,2021,1
94,tt10121392,action,Thunder Force,movie,2021,4
95,tt10168094,action,Shadow Parties,movie,2021,9
96,tt10215434,action,Corazones en Llamas: Fuego Cruzado,movie,2021,5
97,tt10228134,action,Jolt,movie,2021,7
98,tt10230994,action,Beckett,movie,2021,8
99,tt10284468,action,Five Stars,movie,2021,X
100,tt10300450,action,Laabam,movie,2021,9
101,tt10318096,action,Reunion of Champions,movie,2021,6
102,tt10332588,action,Finding 'Ohana,movie,2021,1
103,tt10342228,action,Narco Sub,movie,2021,2
104,tt10358782,action,The Journey,movie,2021,6
105,tt10363028,action,Hercules Dark Hero,movie,X,
106,tt10375916,action,Blindsided,movie,2021,4
107,tt10403714,action,Into the Devil's Reach,movie,2021,12
108,tt10415472,action,Munduvareda Adhyaya,movie,2021,3
109,tt10423286,action,G fung bou,movie,2021,12
110,tt10451914,action,Outside the Wire,movie,2021,1
111,tt10473008,action,The Coffin Bound Kings,movie,2021,3
112,tt10488710,action,Operation Sundarbans,movie,2021,7
113,tt10516196,action,"Najmro: Kocha, kradnie, szanuje",movie,2021,9
114,tt10545940,action,Blade of the Assassin,movie,2021,10
115,tt10579952,action,Master,movie,2021,1
116,tt10621250,action,Kid Combat,movie,2021,X
117,tt10635042,action,Gekijouban Bishoujo Senshi Sailor Moon Eternal,movie,2021,1
118,tt10645852,action,Chronicles Of The Anunnaki,movie,2021,6
119,tt10661848,action,Jagame Thandhiram,movie,2021,6
120,tt10674758,action,Blind Cop 2,movie,2021,3
121,tt10681374,action,ArchHeroes: Salvation,movie,X,
122,tt10696784,action,The Harder They Fall,movie,2021,11
123,tt10712828,action,Death Do Us Apart,movie,X,
124,tt10719606,action,Intense Battles Reloaded,movie,2021,7
125,tt10730350,action,Order of Khan,short,2021,1
126,tt10741542,action,Sherni,movie,2021,6
127,tt10761694,action,Tadap,movie,2021,12
128,tt10766468,action,Gintama: The Final,movie,2021,1
129,tt10798824,action,Tribaahu,movie,2021,6
130,tt10805906,action,Vex,movie,2021,6
131,tt10832098,action,Roulette,short,2021,4
132,tt10872600,action,Spider-Man: No Way Home,movie,2021,12
133,tt10883302,action,Roberrt,movie,2021,3
134,tt10888594,action,Radhe,movie,2021,5
135,tt10901806,action,Blessing,short,2021,10
136,tt10919240,action,Malik,movie,2021,7
137,tt10937496,action,Karim,movie,2021,8
138,tt10939474,action,Once Upon a Time in the Apocalypse,movie,2021,2
139,tt10957044,action,Deadlock,movie,2021,12
140,tt10974674,action,Danger! Danger!,movie,2021,3
141,tt11006566,action,Toxica,movie,2021,X
142,tt11045422,action,Toofaan,movie,2021,7
143,tt11083552,action,Cash Truck,movie,2021,9
144,tt11100914,action,Mister Mayfair 4 - Shooting Paul,movie,2021,12
145,tt11117240,action,A Blaster in the Right Hands: A Star Wars Story,short,2021,5
146,tt11137438,action,Vagabond,short,2021,9
147,tt11143176,action,Inspector Vikram,movie,2021,2
148,tt11166548,action,Lying Still,movie,2021,2
149,tt11182846,action,Soul Pursuit,movie,2021,9
150,tt11193156,action,Charlie,movie,2021,1
151,tt11203296,action,Khiladi 1080,movie,2021,X
152,tt11217036,action,The Gardener,movie,2021,12
153,tt11242718,action,The Last Victim,movie,2021,9
154,tt11253090,action,Annaatthe,movie,2021,11
155,tt11260832,action,Bellbottom,movie,2021,8
156,tt11273058,action,The Spider,movie,2021,X
157,tt11284502,action,South of Heaven,movie,2021,10
158,tt11302120,action,Da zhu jian shi,movie,2021,3
159,tt11306518,action,Hero,movie,2022,1
160,tt11319636,action,Tubarão: O Regresso,short,2021,8
161,tt11350284,action,400 Bullets,movie,2021,3
162,tt11364772,action,Kabza,movie,2021,X
163,tt11374902,action,Doctor,movie,2021,10
164,tt11388416,action,Ida Red,movie,2021,12
165,tt11405396,action,Foe,movie,2021,X
166,tt11421000,action,EkDe Ek,movie,2021,9
167,tt11443276,action,Arisaka,movie,2021,12
168,tt11466538,action,Foreign and Domestic,movie,2021,5
169,tt11469726,action,Maaligai,movie,2021,10
170,tt11492920,action,Chasing,movie,2021,4
171,tt11503178,action,Wild Dog,movie,2021,4
172,tt11535228,action,Bisang seoneon,movie,2021,7
173,tt11554404,action,The Game,movie,2021,12
174,tt11564214,action,Ren chao xiong yong,movie,2021,2
175,tt11578464,action,Po Tamburi,movie,2021,7
176,tt11579696,action,L'enfant Alien,movie,2021,X
177,tt11580944,action,Seetimaarr,movie,2021,9
178,tt11580914,action,Yaadhum Oore Yaavarum Kelir,movie,2021,X
179,tt11604126,action,Beera,movie,2021,12
180,tt11605814,action,Caged,short,2021,12
181,tt11616728,action,La tercera caída,short,2021,8
182,tt11636880,action,Omerta 6/12,movie,2021,11
183,tt11640108,action,Mirugaa,movie,2021,3
184,tt11647568,action,Full Speed,movie,2021,8
185,tt11648514,action,Narappa,movie,2021,7
186,tt11658120,action,Xtremo,movie,2021,6
187,tt11679270,action,Renegades of Europe,movie,2021,X
188,tt11701916,action,Constantly in Action Man,short,2021,X
189,tt11734264,action,Sentinelle,movie,2021,3
190,tt11758792,action,Reloaded,movie,2021,7
191,tt11771642,action,Career as a Mercenary,movie,2021,X
192,tt11778144,action,The Knower,movie,2021,7
193,tt11778036,action,Raquel's Legacy the Revenge,short,2021,11
194,tt11799676,action,Exipsosi,movie,2021,9
195,tt11803736,action,Khaki,movie,2021,X
196,tt11821566,action,The Devil's Daughter,movie,2021,10
197,tt11834890,action,Welcome to the Show,movie,2021,3
198,tt11866328,action,Stick Up,short,2021,6
199,tt11892034,action,Devyatayev,movie,2021,4
200,tt11892182,action,Mask of the Evil Apparition,short,2021,5
201,tt11905536,action,Untitled Vardhan Ketkar Film,movie,2021,X
202,tt11921924,action,"Push Comes to Shovel, TX",movie,2021,7
203,tt11924002,action,Rewind,movie,2021,4
204,tt11928952,action,Mashin Sentai Kirameijâ Za Mûbî: Bî-Bappu Dorîmu,short,2021,2
205,tt1016150,action,Im Westen nichts Neues,movie,2022,10
206,tt10257354,action,Stalking Elvis,short,2022,3
207,tt10298810,action,Lightyear,movie,2022,6
208,tt10328046,action,The Final Sacrifice: Directors Cut,movie,2022,3
209,tt10340562,action,Etharkkum Thuninthavan,movie,2022,3
210,tt10428326,action,Prindey,movie,2022,1
211,tt10493472,action,Ammonium Nitrate,movie,2022,2
212,tt10598156,action,Dhaakad,movie,2022,5
213,tt10671182,action,Wicked Game,movie,2022,9
214,tt10701074,action,Ponniyin Selvan: Part I,movie,2022,9
215,tt10699086,action,Bachchhan Paandey,movie,2022,3
216,tt10740944,action,Graves,movie,2022,3
217,tt10758472,action,Last Boat to Dover,short,2022,3
218,tt10806040,action,Valimai,movie,2022,2
219,tt10921118,action,The Street Avenger,movie,2022,12
220,tt10935956,action,Kira & El Gin,movie,2022,6
221,tt10981012,action,Veerame Vaagai Soodum,movie,2022,2
222,tt10994712,action,Sri Asih,movie,2022,11
223,tt11023732,action,Virata Parvam,movie,2022,6
224,tt11138512,action,The Northman,movie,2022,5
225,tt11209612,action,Das Photo,short,2022,6
226,tt11237650,action,Wisdom for Heroes,movie,2022,X
227,tt11301946,action,Beast,movie,2022,4
228,tt11379988,action,James,movie,2022,3
229,tt11382194,action,Eva Genesis,movie,2022,6
230,tt11409820,action,Adanis: Kutsal Kavga,movie,2022,3
231,tt11443294,action,The Heritor,movie,2022,X
232,tt11466222,action,Jackass Forever,movie,2022,2
233,tt11506802,action,Sierra,movie,,X
234,tt11563070,action,Acharya,movie,2022,4
235,tt11602272,action,Hong Kong Kong,movie,2022,12
236,tt11633442,action,Soygun Oyunu: Büyük Vurgun,movie,2022,2
237,tt11696276,action,Renegades,movie,2022,10
238,tt11725162,action,Wild Soul,movie,2022,X
239,tt11780784,action,A Mobster's Daughter/The $treetz 3,movie,2022,1
240,tt11827628,action,Memory,movie,2022,6
241,tt11873440,action,Heropanti 2,movie,2022,4
242,tt11899856,action,Nishana,movie,2022,11
243,tt11951332,action,Aferzysci. Zle psy,movie,2022,12
244,tt12003946,action,Violent Night,movie,2022,12
245,tt12035738,action,It's a Cop Thing 2 the Last Laugh,movie,2022,9
246,tt12082426,action,Interface,movie,2022,X
247,tt12105324,action,Scout's Honour,short,2022,X
248,tt12230756,action,Detective Inspector,movie,2022,12
249,tt12330400,action,Outsource,movie,2022,1
250,tt12346586,action,Crossfire,movie,,X
251,tt12374388,action,Yoshiplush Ps4: The Movie,movie,2022,X
252,tt12415670,action,Kingdom 2: To the Far Land,movie,2022,7
253,tt12459328,action,Paranormal Activity 8: The Other Side,movie,2023,10
254,tt12472554,action,Mahaan,movie,2022,2
255,tt12593682,action,Bullet Train,movie,2022,8
256,tt12606368,action,Incognito: Part I,short,2022,10
257,tt12623450,action,Vampire Penance-the Atonement of John Wolf,movie,2022,12
258,tt12689248,action,The Commando,movie,2022,1
259,tt12724072,action,Samsara,short,2022,7
260,tt12768018,action,Broducers,movie,2022,X
261,tt12792472,action,Gangster Wives,movie,2022,1
262,tt12815434,action,Batman: A Beautiful Lie,movie,2022,7
263,tt12840630,action,Eyes of a Roman,movie,2022,11
264,tt12844586,action,Sanctioning Evil,movie,2022,10
265,tt12857358,action,Empyrean: Dawn of Light,movie,2022,X
266,tt12892766,action,American Vigilantes,movie,2022,X
267,tt12951176,action,Exiled: The Chosen Ones,movie,2023,6
268,tt12968322,action,Commando: Bloodline,movie,2022,11
269,tt12989312,action,Forced,movie,2022,X
270,tt13057516,action,Stars and Scars,movie,2022,6
271,tt13055982,action,Savage Salvation,movie,2022,12
272,tt13075730,action,One Way,movie,2022,9
273,tt13087500,action,Batman: Knightfall,movie,2022,12
274,tt13098860,action,Final Seconds,short,2022,1
275,tt13130760,action,HIT: The First Case,movie,2022,7
276,tt13152186,action,Confession,movie,2022,1
277,tt13173132,action,Left in the Cold,movie,2022,X
278,tt13280154,action,The Battle of Bhima Koregaon,movie,2022,X
279,tt13305802,action,Alive: Paradox,short,2022,12
280,tt13314558,action,Day Shift,movie,2022,8
281,tt13375072,action,LionHeart: Animatic Pilot,short,2022,7
282,tt13393058,action,Ben & Jody,movie,2022,6
283,tt13406136,action,The Princess,movie,2022,7
284,tt13414318,action,Alta Valley,movie,2022,10
285,tt13440264,action,Insider,movie,,X
286,tt13468976,action,Aaraattu,movie,2022,2
287,tt13484872,action,Mencuri Raden Saleh,movie,2022,8
288,tt13523434,action,BluSavage,movie,2022,X
289,tt13539646,action,The Wandering Earth 2,movie,2023,1
290,tt13570066,action,Desert Warrior,movie,2022,X
291,tt13598080,action,Zero,movie,2022,X
292,tt13640942,action,Karmaniacs,movie,2022,7
293,tt13681680,action,Arbitrium: The Final Detail,movie,,X
294,tt13713200,action,Zone Morte,movie,2022,12
295,tt13740078,action,Doraemon the Movie: Nobita's Little Star Wars 2021,movie,2022,3
296,tt13761148,action,Kesisme: Iyi Ki Varsin Eren,movie,2022,1
297,tt13790914,action,Lego Survival 3,short,2022,12
298,tt13813112,action,TIMJAR,movie,2022,X
299,tt13822738,action,Loin du périph,movie,2022,5
300,tt13871510,action,Crashout,movie,,X
301,tt13884670,action,Trident,movie,2022,6
302,tt13918550,action,Black Site,movie,2022,11
303,tt13926132,action,Ivy + Bean,movie,2022,9
304,tt13946626,action,Sher Gujjar,movie,2022,3
305,tt13992328,action,The Homem Green,movie,2022,1
306,tt14001894,action,Secret Headquarters,movie,2022,8
307,tt14017492,action,The Wasteland,movie,2022,1
308,tt14039086,action,Run & Gun,movie,2022,2
309,tt14060094,action,Blacklight,movie,2022,2
310,tt14083308,action,The Amityville Rising,movie,2022,1
311,tt14099796,action,Jin shouzhi,movie,2022,X
312,tt14134448,action,The Lost and the Brave,movie,2022,X
313,tt0926132,action,Road to Red,movie,2020,1
314,tt10011184,action,Like.Share.Repost.,short,2020,4
315,tt10022990,action,Seeru,movie,2020,2
316,tt10054454,action,War Gene,short,2020,X
317,tt10082520,action,Range of Sniper,movie,2020,6
318,tt10096204,action,Evade short film,short,2020,8
319,tt10097484,action,Guai wu xian sheng,movie,2020,8
320,tt10101588,action,Vanity Project,short,2020,5
321,tt10127684,action,Bronx,movie,2020,10
322,tt10130926,action,Gambler,short,2020,5
323,tt10148118,action,Behind the Line: Escape to Dunkirk,movie,2020,8
324,tt10149080,action,La Liga de los 5,movie,2020,1
325,tt10152746,action,Justice League: Invasion,movie,2020,9
326,tt10156658,action,Satan's Seven,short,2020,1
327,tt10200522,action,Once Upon a Time in Indonesia,movie,2020,11
328,tt10230422,action,Class of 83,movie,2020,8
329,tt10275080,action,Agent Jade Black,movie,2020,1
330,tt10300704,action,Walter,movie,2020,3
331,tt10303324,action,Survive the Night,movie,2020,5
332,tt10307440,action,Jusqu'au déclin,movie,2020,3
333,tt10308910,action,Ricky Rodrigo,short,X,
334,tt10310140,action,Fatman,movie,2020,11
335,tt10314450,action,Becky,movie,2020,6
336,tt10324274,action,Leo,movie,2020,12
337,tt10324122,action,Secret Society of Second-Born Royals,movie,2020,9
338,tt10346388,action,Pit viper,short,2020,1
339,tt10350626,action,Gunjan Saxena: The Kargil Girl,movie,2020,8
340,tt10367202,action,A King's Life,short,2020,3
341,tt10374742,action,One Way Out,movie,X,
342,tt10387682,action,The Rage,short,2020,7
343,tt10398376,action,Gunfight at Silver Creek,movie,2020,3
344,tt10404944,action,BAC Nord,movie,2021,9
345,tt10417488,action,Downward Facing Dogs,short,2020,1
346,tt10432094,action,Pawns,short,2020,2
347,tt10436902,action,The Death Rally,short,2020,6
348,tt10452082,action,Leafer,short,2020,7
349,tt10456740,action,Balle perdue,movie,2020,6
350,tt10463692,action,Catch of the Day 2: You Die at Dawn!,movie,2020,6
351,tt10467642,action,Last 24 hours,short,2020,12
352,tt10487352,action,"Greetings, From The Planet Krog!",short,2020,1
353,tt10508838,action,Zheng tu,movie,2020,7
354,tt10520114,action,Lil' Balzac 2,short,2020,X
355,tt10533822,action,El Borracho: El vino viejo es el más peleón,short,2020,1
356,tt10538822,action,Agnee 3,movie,2020,2
357,tt10540386,action,Bou - The Wife,movie,2020,12
358,tt10551180,action,Virtue,short,2020,9
359,tt10558706,action,Commandos: The Mission,movie,2020,4
360,tt10589360,action,Nowhere to Hide,movie,2020,2
361,tt10590530,action,Psy 3: W imie zasad,movie,2020,1
362,tt10597554,action,Robotboy the movie,movie,2020,3
363,tt10600398,action,We Can Be Heroes,movie,2020,12
364,tt10607806,action,Ashen,movie,2020,12
365,tt10620868,action,#Saraitda,movie,2020,9
366,tt10626796,action,Roll Initiative,short,2020,10
367,tt10643474,action,Dinner With Grandma,short,2020,3
368,tt10648192,action,A Divisão,movie,2020,1
369,tt10663470,action,Detective MJ: Shadow of a Hero,movie,2020,12
370,tt10681516,action,Devastation: End of Life,movie,2022,12
371,tt10682062,action,Palasa 1978,movie,2020,3
372,tt10697462,action,The Store Front,movie,2020,3
373,tt10708124,action,Danger Zone: Against all Odds,movie,2020,6
374,tt10725448,action,Duncan,movie,2021,11
375,tt10731100,action,Hayalet: 3 Yasam,movie,2020,X
376,tt10750020,action,Pattas,movie,2020,1
377,tt10758146,action,Wyzwanie,movie,2020,7
378,tt10766442,action,Taipei Jesus,short,2020,9
379,tt10772334,action,Headcheese: The Movie,movie,2020,4
380,tt10778364,action,The Spider-Man (Fan Film),movie,2020,1
381,tt10804094,action,Eighth Wonder,short,2020,X
382,tt10810522,action,Ethalaya,movie,2020,3
383,tt10826534,action,Nemesis,short,2020,3
384,tt10840884,action,Taish,movie,2020,10
385,tt10850450,action,Cabal,movie,2020,3
386,tt10857420,action,Don't F**k with the Musketeers,short,2020,8
387,tt10874822,action,Danime,short,2020,6
388,tt10888708,action,The Sleepover,movie,2020,8
389,tt10908210,action,Mnemonix: The Hive,short,2020,12
390,tt10908892,action,Mugabe,movie,2020,6
391,tt10923534,action,Mendilim Kekik Kokuyor,movie,2020,3
392,tt10926356,action,The Coming,movie,2020,9
393,tt10930816,action,"Nuri, the beginning",short,2020,9
394,tt10934774,action,Swarm,short,2020,2
395,tt10936240,action,Naruto Evolution Episode One: Bonds,movie,2020,1
396,tt10948718,action,El robo del siglo,movie,2020,1
397,tt10955374,action,Small Gains,short,2020,X
398,tt10968008,action,Taanashah,movie,2020,2
399,tt10972026,action,Tiger Man,short,2020,2
400,tt0293429,action,Mortal Kombat,movie,2021,5
401,tt0818543,action,Z,movie,2021,X
402,tt0993840,action,Army of the Dead,movie,2021,5
403,tt10011002,action,Preman,movie,2021,4
404,tt10044610,action,Badlander,movie,2021,X
405,tt10055546,action,Supercool,movie,2022,2
406,tt10075650,action,Indiana Jones and the Sanctuary of the Black Order,movie,2021,1
407,tt10121392,action,Thunder Force,movie,2021,4
408,tt10168094,action,Shadow Parties,movie,2021,9
409,tt10215434,action,Corazones en Llamas: Fuego Cruzado,movie,2021,5
410,tt10228134,action,Jolt,movie,2021,7
411,tt10230994,action,Beckett,movie,2021,8
412,tt10284468,action,Five Stars,movie,2021,X
413,tt10300450,action,Laabam,movie,2021,9
414,tt10318096,action,Reunion of Champions,movie,2021,6
415,tt10332588,action,Finding 'Ohana,movie,2021,1
416,tt10342228,action,Narco Sub,movie,2021,2
417,tt10358782,action,The Journey,movie,2021,6
418,tt10363028,action,Hercules Dark Hero,movie,X,
419,tt10375916,action,Blindsided,movie,2021,4
420,tt10403714,action,Into the Devil's Reach,movie,2021,12
421,tt10415472,action,Munduvareda Adhyaya,movie,2021,3
422,tt10423286,action,G fung bou,movie,2021,12
423,tt10451914,action,Outside the Wire,movie,2021,1
424,tt10473008,action,The Coffin Bound Kings,movie,2021,3
425,tt10488710,action,Operation Sundarbans,movie,2021,7
426,tt10516196,action,"Najmro: Kocha, kradnie, szanuje",movie,2021,9
427,tt10545940,action,Blade of the Assassin,movie,2021,10
428,tt10579952,action,Master,movie,2021,1
429,tt10621250,action,Kid Combat,movie,2021,X
430,tt10635042,action,Gekijouban Bishoujo Senshi Sailor Moon Eternal,movie,2021,1
431,tt10645852,action,Chronicles Of The Anunnaki,movie,2021,6
432,tt10661848,action,Jagame Thandhiram,movie,2021,6
433,tt10674758,action,Blind Cop 2,movie,2021,3
434,tt10681374,action,ArchHeroes: Salvation,movie,X,
435,tt10696784,action,The Harder They Fall,movie,2021,11
436,tt10712828,action,Death Do Us Apart,movie,X,
437,tt10719606,action,Intense Battles Reloaded,movie,2021,7
438,tt10730350,action,Order of Khan,short,2021,1
439,tt10741542,action,Sherni,movie,2021,6
440,tt10761694,action,Tadap,movie,2021,12
441,tt10766468,action,Gintama: The Final,movie,2021,1
442,tt10798824,action,Tribaahu,movie,2021,6
443,tt10805906,action,Vex,movie,2021,6
444,tt10832098,action,Roulette,short,2021,4
445,tt10872600,action,Spider-Man: No Way Home,movie,2021,12
446,tt10883302,action,Roberrt,movie,2021,3
447,tt10888594,action,Radhe,movie,2021,5
448,tt10901806,action,Blessing,short,2021,10
449,tt10919240,action,Malik,movie,2021,7
450,tt10937496,action,Karim,movie,2021,8
451,tt10939474,action,Once Upon a Time in the Apocalypse,movie,2021,2
452,tt10957044,action,Deadlock,movie,2021,12
453,tt10974674,action,Danger! Danger!,movie,2021,3
454,tt11006566,action,Toxica,movie,2021,X
455,tt11045422,action,Toofaan,movie,2021,7
456,tt11083552,action,Cash Truck,movie,2021,9
457,tt11100914,action,Mister Mayfair 4 - Shooting Paul,movie,2021,12
458,tt11117240,action,A Blaster in the Right Hands: A Star Wars Story,short,2021,5
459,tt11137438,action,Vagabond,short,2021,9
460,tt11143176,action,Inspector Vikram,movie,2021,2
461,tt11166548,action,Lying Still,movie,2021,2
462,tt11182846,action,Soul Pursuit,movie,2021,9
463,tt11193156,action,Charlie,movie,2021,1
464,tt11203296,action,Khiladi 1080,movie,2021,X
465,tt11217036,action,The Gardener,movie,2021,12
466,tt11242718,action,The Last Victim,movie,2021,9
467,tt11253090,action,Annaatthe,movie,2021,11
468,tt11260832,action,Bellbottom,movie,2021,8
469,tt11273058,action,The Spider,movie,2021,X
470,tt11284502,action,South of Heaven,movie,2021,10
471,tt11302120,action,Da zhu jian shi,movie,2021,3
472,tt11306518,action,Hero,movie,2022,1
473,tt11319636,action,Tubarão: O Regresso,short,2021,8
474,tt11350284,action,400 Bullets,movie,2021,3
475,tt11364772,action,Kabza,movie,2021,X
476,tt11374902,action,Doctor,movie,2021,10
477,tt11388416,action,Ida Red,movie,2021,12
478,tt11405396,action,Foe,movie,2021,X
479,tt11421000,action,EkDe Ek,movie,2021,9
480,tt11443276,action,Arisaka,movie,2021,12
481,tt11466538,action,Foreign and Domestic,movie,2021,5
482,tt11469726,action,Maaligai,movie,2021,10
483,tt11492920,action,Chasing,movie,2021,4
484,tt11503178,action,Wild Dog,movie,2021,4
485,tt11535228,action,Bisang seoneon,movie,2021,7
486,tt11554404,action,The Game,movie,2021,12
487,tt11564214,action,Ren chao xiong yong,movie,2021,2
488,tt11578464,action,Po Tamburi,movie,2021,7
489,tt11579696,action,L'enfant Alien,movie,2021,X
490,tt11580944,action,Seetimaarr,movie,2021,9
491,tt11580914,action,Yaadhum Oore Yaavarum Kelir,movie,2021,X
492,tt11604126,action,Beera,movie,2021,12
493,tt11605814,action,Caged,short,2021,12
494,tt11616728,action,La tercera caída,short,2021,8
495,tt11636880,action,Omerta 6/12,movie,2021,11
496,tt11640108,action,Mirugaa,movie,2021,3
497,tt11647568,action,Full Speed,movie,2021,8
498,tt11648514,action,Narappa,movie,2021,7
499,tt11658120,action,Xtremo,movie,2021,6
500,tt11679270,action,Renegades of Europe,movie,2021,X
501,tt11701916,action,Constantly in Action Man,short,2021,X
502,tt11734264,action,Sentinelle,movie,2021,3
503,tt11758792,action,Reloaded,movie,2021,7
504,tt11771642,action,Career as a Mercenary,movie,2021,X
505,tt11778144,action,The Knower,movie,2021,7
506,tt11778036,action,Raquel's Legacy the Revenge,short,2021,11
507,tt11799676,action,Exipsosi,movie,2021,9
508,tt11803736,action,Khaki,movie,2021,X
509,tt11821566,action,The Devil's Daughter,movie,2021,10
510,tt11834890,action,Welcome to the Show,movie,2021,3
511,tt11866328,action,Stick Up,short,2021,6
512,tt11892034,action,Devyatayev,movie,2021,4
513,tt11892182,action,Mask of the Evil Apparition,short,2021,5
514,tt11905536,action,Untitled Vardhan Ketkar Film,movie,2021,X
515,tt11921924,action,"Push Comes to Shovel, TX",movie,2021,7
516,tt11924002,action,Rewind,movie,2021,4
517,tt11928952,action,Mashin Sentai Kirameijâ Za Mûbî: Bî-Bappu Dorîmu,short,2021,2
518,tt1016150,action,Im Westen nichts Neues,movie,2022,10
519,tt10257354,action,Stalking Elvis,short,2022,3
520,tt10298810,action,Lightyear,movie,2022,6
521,tt10328046,action,The Final Sacrifice: Directors Cut,movie,2022,3
522,tt10340562,action,Etharkkum Thuninthavan,movie,2022,3
523,tt10428326,action,Prindey,movie,2022,1
524,tt10493472,action,Ammonium Nitrate,movie,2022,2
525,tt10598156,action,Dhaakad,movie,2022,5
526,tt10671182,action,Wicked Game,movie,2022,9
527,tt10701074,action,Ponniyin Selvan: Part I,movie,2022,9
528,tt10699086,action,Bachchhan Paandey,movie,2022,3
529,tt10740944,action,Graves,movie,2022,3
530,tt10758472,action,Last Boat to Dover,short,2022,3
531,tt10806040,action,Valimai,movie,2022,2
532,tt10921118,action,The Street Avenger,movie,2022,12
533,tt10935956,action,Kira & El Gin,movie,2022,6
534,tt10981012,action,Veerame Vaagai Soodum,movie,2022,2
535,tt10994712,action,Sri Asih,movie,2022,11
536,tt11023732,action,Virata Parvam,movie,2022,6
537,tt11138512,action,The Northman,movie,2022,5
538,tt11209612,action,Das Photo,short,2022,6
539,tt11237650,action,Wisdom for Heroes,movie,2022,X
540,tt11301946,action,Beast,movie,2022,4
541,tt11379988,action,James,movie,2022,3
542,tt11382194,action,Eva Genesis,movie,2022,6
543,tt11409820,action,Adanis: Kutsal Kavga,movie,2022,3
544,tt11443294,action,The Heritor,movie,2022,X
545,tt11466222,action,Jackass Forever,movie,2022,2
546,tt11506802,action,Sierra,movie,,X
547,tt11563070,action,Acharya,movie,2022,4
548,tt11602272,action,Hong Kong Kong,movie,2022,12
549,tt11633442,action,Soygun Oyunu: Büyük Vurgun,movie,2022,2
550,tt11696276,action,Renegades,movie,2022,10
551,tt11725162,action,Wild Soul,movie,2022,X
552,tt11780784,action,A Mobster's Daughter/The $treetz 3,movie,2022,1
553,tt11827628,action,Memory,movie,2022,6
554,tt11873440,action,Heropanti 2,movie,2022,4
555,tt11899856,action,Nishana,movie,2022,11
556,tt11951332,action,Aferzysci. Zle psy,movie,2022,12
557,tt12003946,action,Violent Night,movie,2022,12
558,tt12035738,action,It's a Cop Thing 2 the Last Laugh,movie,2022,9
559,tt12082426,action,Interface,movie,2022,X
560,tt12105324,action,Scout's Honour,short,2022,X
561,tt12230756,action,Detective Inspector,movie,2022,12
562,tt12330400,action,Outsource,movie,2022,1
563,tt12346586,action,Crossfire,movie,,X
564,tt12374388,action,Yoshiplush Ps4: The Movie,movie,2022,X
565,tt12415670,action,Kingdom 2: To the Far Land,movie,2022,7
566,tt12459328,action,Paranormal Activity 8: The Other Side,movie,2023,10
567,tt12472554,action,Mahaan,movie,2022,2
568,tt12593682,action,Bullet Train,movie,2022,8
569,tt12606368,action,Incognito: Part I,short,2022,10
570,tt12623450,action,Vampire Penance-the Atonement of John Wolf,movie,2022,12
571,tt12689248,action,The Commando,movie,2022,1
572,tt12724072,action,Samsara,short,2022,7
573,tt12768018,action,Broducers,movie,2022,X
574,tt12792472,action,Gangster Wives,movie,2022,1
575,tt12815434,action,Batman: A Beautiful Lie,movie,2022,7
576,tt12840630,action,Eyes of a Roman,movie,2022,11
577,tt12844586,action,Sanctioning Evil,movie,2022,10
578,tt12857358,action,Empyrean: Dawn of Light,movie,2022,X
579,tt12892766,action,American Vigilantes,movie,2022,X
580,tt12951176,action,Exiled: The Chosen Ones,movie,2023,6
581,tt12968322,action,Commando: Bloodline,movie,2022,11
582,tt12989312,action,Forced,movie,2022,X
583,tt13057516,action,Stars and Scars,movie,2022,6
584,tt13055982,action,Savage Salvation,movie,2022,12
585,tt13075730,action,One Way,movie,2022,9
586,tt13087500,action,Batman: Knightfall,movie,2022,12
587,tt13098860,action,Final Seconds,short,2022,1
588,tt13130760,action,HIT: The First Case,movie,2022,7
589,tt13152186,action,Confession,movie,2022,1
590,tt13173132,action,Left in the Cold,movie,2022,X
591,tt13280154,action,The Battle of Bhima Koregaon,movie,2022,X
592,tt13305802,action,Alive: Paradox,short,2022,12
593,tt13314558,action,Day Shift,movie,2022,8
594,tt13375072,action,LionHeart: Animatic Pilot,short,2022,7
595,tt13393058,action,Ben & Jody,movie,2022,6
596,tt13406136,action,The Princess,movie,2022,7
597,tt13414318,action,Alta Valley,movie,2022,10
598,tt13440264,action,Insider,movie,,X
599,tt13468976,action,Aaraattu,movie,2022,2
600,tt13484872,action,Mencuri Raden Saleh,movie,2022,8
601,tt13523434,action,BluSavage,movie,2022,X
602,tt13539646,action,The Wandering Earth 2,movie,2023,1
603,tt13570066,action,Desert Warrior,movie,2022,X
604,tt13598080,action,Zero,movie,2022,X
605,tt13640942,action,Karmaniacs,movie,2022,7
606,tt13681680,action,Arbitrium: The Final Detail,movie,,X
607,tt13713200,action,Zone Morte,movie,2022,12
608,tt13740078,action,Doraemon the Movie: Nobita's Little Star Wars 2021,movie,2022,3
609,tt13761148,action,Kesisme: Iyi Ki Varsin Eren,movie,2022,1
610,tt13790914,action,Lego Survival 3,short,2022,12
611,tt13813112,action,TIMJAR,movie,2022,X
612,tt13822738,action,Loin du périph,movie,2022,5
613,tt13871510,action,Crashout,movie,,X
614,tt13884670,action,Trident,movie,2022,6
615,tt13918550,action,Black Site,movie,2022,11
616,tt13926132,action,Ivy + Bean,movie,2022,9
617,tt13946626,action,Sher Gujjar,movie,2022,3
618,tt13992328,action,The Homem Green,movie,2022,1
619,tt14001894,action,Secret Headquarters,movie,2022,8
620,tt14017492,action,The Wasteland,movie,2022,1
621,tt14039086,action,Run & Gun,movie,2022,2
622,tt14060094,action,Blacklight,movie,2022,2
623,tt14083308,action,The Amityville Rising,movie,2022,1
624,tt14099796,action,Jin shouzhi,movie,2022,X
625,tt14134448,action,The Lost and the Brave,movie,2022,X
